<?xml version="1.0" encoding="UTF-8"?>
<project-private xmlns="http://www.netbeans.org/ns/project-private/1">
    <editor-bookmarks xmlns="http://www.netbeans.org/ns/editor-bookmarks/2" lastBookmarkId="0"/>
    <open-files xmlns="http://www.netbeans.org/ns/projectui-open-files/2">
        <group>
            <file>file:/C:/Users/Hilman/Documents/NetBeansProjects/perpusdigital/src/perpusdigital/dasboard1.java</file>
            <file>file:/C:/Users/Hilman/Documents/NetBeansProjects/perpusdigital/src/perpusdigital/dashboard.java</file>
            <file>file:/C:/Users/Hilman/Documents/NetBeansProjects/perpusdigital/src/perpusdigital/kelbuku2.java</file>
            <file>file:/C:/Users/Hilman/Documents/NetBeansProjects/perpusdigital/src/perpusdigital/dasboarduser.java</file>
            <file>file:/C:/Users/Hilman/Documents/NetBeansProjects/perpusdigital/src/perpusdigital/kelbuku.java</file>
            <file>file:/C:/Users/Hilman/Documents/NetBeansProjects/perpusdigital/src/perpusdigital/register.java</file>
            <file>file:/C:/Users/Hilman/Documents/NetBeansProjects/perpusdigital/src/perpusdigital/screen.java</file>
            <file>file:/C:/Users/Hilman/Documents/NetBeansProjects/perpusdigital/src/perpusdigital/dasboarduser2.java</file>
            <file>file:/C:/Users/Hilman/Documents/NetBeansProjects/perpusdigital/src/custom/panelCustom.java</file>
            <file>file:/C:/Users/Hilman/Documents/NetBeansProjects/perpusdigital/src/custom/buttonCustom.java</file>
            <file>file:/C:/Users/Hilman/Documents/NetBeansProjects/perpusdigital/src/perpusdigital/Perpusdigital.java</file>
            <file>file:/C:/Users/Hilman/Documents/NetBeansProjects/perpusdigital/src/perpusdigital/kelolakunjungan.java</file>
            <file>file:/C:/Users/Hilman/Documents/NetBeansProjects/perpusdigital/src/perpusdigital/kelolapegawai.java</file>
            <file>file:/C:/Users/Hilman/Documents/NetBeansProjects/perpusdigital/src/perpusdigital/login.java</file>
            <file>file:/C:/Users/Hilman/Documents/NetBeansProjects/perpusdigital/src/perpusdigital/kelolakunjungan2.java</file>
        </group>
    </open-files>
</project-private>
